agent_type,actions_taken,total_processing_time,average_response_time
llm,1,0.8841525719999996,0.8841525719999996
random,1,6.432999999361755e-06,6.432999999361755e-06
