agent_type,actions_taken,total_processing_time,average_response_time
llm,1,1.276971907000001,1.276971907000001
random,1,7.867000000771895e-06,7.867000000771895e-06
