agent_type,actions_taken,total_processing_time,average_response_time
llm,1,1.2383665530000005,1.2383665530000005
random,1,6.454999999405686e-06,6.454999999405686e-06
